[
null,
{"id":1,"battlerName":"Actor1_1","characterIndex":0,"characterName":"Actor1","classId":1,"equips":[1,1,2,3,0],"faceIndex":0,"faceName":"Actor1","traits":[],"initialLevel":1,"maxLevel":99,"name":"Harold","nickname":"","note":"","profile":"A human."},
{"id":2,"battlerName":"Dwarf","characterIndex":0,"characterName":"Custom","classId":2,"equips":[0,0,0,0,0],"faceIndex":0,"faceName":"Custom","traits":[],"initialLevel":1,"maxLevel":99,"name":"Brukrumlir","nickname":"","note":"","profile":"A dwarf."},
{"id":3,"battlerName":"Actor2_6","characterIndex":5,"characterName":"Actor2","classId":3,"equips":[3,0,2,3,4],"faceIndex":5,"faceName":"Actor2","traits":[],"initialLevel":1,"maxLevel":99,"name":"Sorsana","nickname":"","note":"","profile":"An elf."},
{"id":4,"battlerName":"Kitty","characterIndex":1,"characterName":"Custom","classId":4,"equips":[0,0,0,0,0],"faceIndex":1,"faceName":"Custom","traits":[],"initialLevel":1,"maxLevel":99,"name":"Saucer","nickname":"","note":"","profile":"A cat-folk."}
]