{
"autoplayBgm":false,"autoplayBgs":false,"battleback1Name":"","battleback2Name":"","bgm":{"name":"","pan":0,"pitch":100,"volume":90},"bgs":{"name":"","pan":0,"pitch":100,"volume":90},"disableDashing":false,"displayName":"","encounterList":[],"encounterStep":30,"height":7,"note":"","parallaxLoopX":false,"parallaxLoopY":false,"parallaxName":"","parallaxShow":true,"parallaxSx":0,"parallaxSy":0,"scrollType":0,"specifyBattleback":false,"tilesetId":1,"width":7,
"data":[3684,3708,3708,3708,3708,3708,3705,3704,2850,2836,2836,2836,2852,3712,3704,2832,2816,2816,2816,2840,3712,3704,2832,2816,2816,2816,2840,3712,3704,2832,2816,2816,2816,2840,3712,3704,2856,2844,2844,2844,2854,3712,3710,3713,3713,3713,3713,3713,3719,3156,3180,3180,3180,3180,3180,3177,3176,0,0,0,0,0,3184,3176,0,0,0,0,0,3184,3176,0,0,0,0,0,3184,3176,0,0,0,0,0,3184,3176,0,0,0,0,0,3184,3182,3185,3185,3185,3185,3185,3191,0,0,0,0,0,0,0,0,0,0,0,0,0,0,0,0,0,0,0,0,0,0,0,0,0,0,0,0,0,0,0,0,0,0,0,0,0,0,0,0,0,0,0,0,0,0,0,0,0,0,0,0,0,0,0,0,0,0,0,0,0,0,0,0,0,0,0,0,0,0,0,0,0,0,0,0,0,0,0,0,0,0,0,0,0,0,0,0,0,0,0,0,0,0,0,0,0,0,0,0,0,0,0,0,0,0,0,0,0,0,0,0,0,0,0,0,0,0,0,0,0,0,0,0,0,0,0,0,0,0,0,0,0,0,0,0,0,0,0,0,0,0,0,0,0,0,0,0,0,0,0,0,0,0,0,0,0,0,0,0,0,0,0,0,0,0,0,0,0,0,0,0,0,0,0,0,0,0,0,0,0,0,0,0,0,0,0,0,0,0,0,0,0,0,0,0],
"events":[
null,
{"id":1,"name":"Change Race","note":"","pages":[{"conditions":{"actorId":1,"actorValid":false,"itemId":1,"itemValid":false,"selfSwitchCh":"A","selfSwitchValid":false,"switch1Id":1,"switch1Valid":false,"switch2Id":1,"switch2Valid":false,"variableId":1,"variableValid":false,"variableValue":0},"directionFix":false,"image":{"tileId":0,"characterName":"People4","direction":2,"pattern":1,"characterIndex":7},"list":[{"code":101,"indent":0,"parameters":["People4",7,0,2]},{"code":401,"indent":0,"parameters":["Harold, would you like to change your race?"]},{"code":102,"indent":0,"parameters":[["Yes, to a dwarf.","Yes, to an elf.","Yes, to a cat-folk.","No, stay human.","Exit"],4,0,2,0]},{"code":402,"indent":0,"parameters":[0,"Yes, to a dwarf."]},{"code":356,"indent":1,"parameters":["SETRACE 1 4"]},{"code":0,"indent":1,"parameters":[]},{"code":402,"indent":0,"parameters":[1,"Yes, to an elf."]},{"code":356,"indent":1,"parameters":["SETRACE 1 5"]},{"code":0,"indent":1,"parameters":[]},{"code":402,"indent":0,"parameters":[2,"Yes, to a cat-folk."]},{"code":356,"indent":1,"parameters":["SETRACE 1 11"]},{"code":0,"indent":1,"parameters":[]},{"code":402,"indent":0,"parameters":[3,"No, stay human."]},{"code":356,"indent":1,"parameters":["SETRACE 1 1"]},{"code":0,"indent":1,"parameters":[]},{"code":402,"indent":0,"parameters":[4,"Exit"]},{"code":0,"indent":1,"parameters":[]},{"code":404,"indent":0,"parameters":[]},{"code":0,"indent":0,"parameters":[]}],"moveFrequency":3,"moveRoute":{"list":[{"code":0,"parameters":[]}],"repeat":true,"skippable":false,"wait":false},"moveSpeed":3,"moveType":0,"priorityType":1,"stepAnime":false,"through":false,"trigger":0,"walkAnime":true}],"x":2,"y":2},
{"id":2,"name":"Help","note":"","pages":[{"conditions":{"actorId":1,"actorValid":false,"itemId":1,"itemValid":false,"selfSwitchCh":"A","selfSwitchValid":false,"switch1Id":1,"switch1Valid":false,"switch2Id":1,"switch2Valid":false,"variableId":1,"variableValid":false,"variableValue":0},"directionFix":false,"image":{"tileId":0,"characterName":"Actor1","direction":2,"pattern":1,"characterIndex":1},"list":[{"code":101,"indent":0,"parameters":["Actor1",1,0,2]},{"code":401,"indent":0,"parameters":["Add Yanfly's Core Engine and Battle Status"]},{"code":401,"indent":0,"parameters":["Menu to more easily see the racial adjust-"]},{"code":401,"indent":0,"parameters":["ments as you change Harold's race."]},{"code":0,"indent":0,"parameters":[]}],"moveFrequency":3,"moveRoute":{"list":[{"code":0,"parameters":[]}],"repeat":true,"skippable":false,"wait":false},"moveSpeed":3,"moveType":0,"priorityType":1,"stepAnime":true,"through":false,"trigger":0,"walkAnime":true}],"x":4,"y":3}
]
}